{
    "874a6f08-79cd-446e-86b3-f697c6dc127e": {
        "id": "874a6f08-79cd-446e-86b3-f697c6dc127e",
        "name": "Google Search",
        "keyword": "g",
        "cmd": "https://google.com/search?q=%s",
        "icon": "/usr/share/ulauncher/media/google-search-icon.png",
        "is_default_search": true,
        "run_without_argument": false,
        "added": 1751352862.4899528
    },
    "981e09fa-ee7a-45e7-853d-07103152c28f": {
        "id": "981e09fa-ee7a-45e7-853d-07103152c28f",
        "name": "Stack Overflow",
        "keyword": "so",
        "cmd": "https://stackoverflow.com/search?q=%s",
        "icon": "/usr/share/ulauncher/media/stackoverflow-icon.svg",
        "is_default_search": true,
        "run_without_argument": false,
        "added": 1751352862.4899647
    },
    "a349eafe-7735-41bb-9eac-3629a1d76d5d": {
        "id": "a349eafe-7735-41bb-9eac-3629a1d76d5d",
        "name": "Wikipedia",
        "keyword": "wiki",
        "cmd": "https://en.wikipedia.org/wiki/%s",
        "icon": "/usr/share/ulauncher/media/wikipedia-icon.png",
        "is_default_search": true,
        "run_without_argument": false,
        "added": 1751352862.4899735
    },
    "177a3aac-6892-4c88-83e2-b5b40e4c038a": {
        "id": "177a3aac-6892-4c88-83e2-b5b40e4c038a",
        "name": "Youtube",
        "keyword": "youtube",
        "cmd": "https://www.youtube.com/",
        "icon": null,
        "is_default_search": false,
        "run_without_argument": false,
        "added": 1751354942.6572173
    }
}